,exp012_blend_bucket_features_fixed,exp034_lightgbm_target_enc,exp035_xgboost_target_enc,exp033_target_encoding
exp012_blend_bucket_features_fixed,1.0,0.9865821224629697,0.9875169597907828,0.9962164427233833
exp034_lightgbm_target_enc,0.9865821224629697,1.0,0.9965681950752918,0.9895137854559029
exp035_xgboost_target_enc,0.9875169597907828,0.9965681950752918,1.0,0.9903514172323296
exp033_target_encoding,0.9962164427233833,0.9895137854559029,0.9903514172323296,1.0
