{"experiment_name": "exp059_overfit_extreme", "weights": {"exp058": 0.589582036268487, "exp056": 0.31116371901643636, "exp057": 0.0992542447150767}, "oof_auc": 0.9380935824175826}