,exp003_blend_features,exp008_lightgbm_onehot_screen,exp009_xgboost_onehot_screen
exp003_blend_features,1.0,0.9818855228470567,0.9820712401942981
exp008_lightgbm_onehot_screen,0.9818855228470567,1.0,0.99363531665419
exp009_xgboost_onehot_screen,0.9820712401942981,0.99363531665419,1.0
