{
  "weights": {
    "exp048_blend_exp012_exp046": 0.82375,
    "exp047_tabnet_deep": 0.17625000000000002
  },
  "blend_auc": 0.9376284835164836
}