{
  "weights": {
    "exp052_blend_poststack": 0.6549110283060614,
    "exp015_blend_bucket_pruned_fixed": 0.12446481462367454,
    "exp019_blend_bucket_state_crosses_fixed": 0.188174513371846,
    "exp016_blend_exp012_exp015": 0.013387859354676082,
    "exp010_blend_bucket_features": 0.015815940919815145,
    "exp040_gbm_trio_blend": 0.003245843423926704
  },
  "samples": 120000,
  "seed": 12
}