{
  "mid": 217.25194689518204,
  "scale": 246.27700866981024,
  "min_w": 0.24268076095648872,
  "max_w": 0.7616060481955158,
  "w_attn": 0.6744759158207743,
  "w_026": 0.294124657028561,
  "w_028": 0.0659083948580104,
  "power": 1.8619068772066365,
  "cv": 0.9379104175824176
}