{
  "iterations": 4000,
  "learning_rate": 0.021785629012884875,
  "depth": 7,
  "l2_leaf_reg": 5.665907559659504,
  "random_strength": 2.2007514038065743,
  "bagging_temperature": 0.4809795397254599
}