,exp012_blend_bucket_features_fixed,exp009_xgboost_onehot_screen,exp008_lightgbm_onehot_screen,exp003_blend_features
exp012_blend_bucket_features_fixed,1.0,0.9761443357516124,0.9763801110537488,0.9927062464893236
exp009_xgboost_onehot_screen,0.9761443357516124,1.0,0.9936353166541897,0.9820712401942981
exp008_lightgbm_onehot_screen,0.9763801110537488,0.9936353166541897,1.0,0.9818855228470567
exp003_blend_features,0.9927062464893236,0.9820712401942981,0.9818855228470567,1.0
