,exp048_blend_exp012_exp046,exp051_tabnet_deep_seedbag,exp050_neural_stacking
exp048_blend_exp012_exp046,1.0,0.9829542594616882,0.9955010163909498
exp051_tabnet_deep_seedbag,0.9829542594616882,1.0,0.983574834414259
exp050_neural_stacking,0.9955010163909498,0.983574834414259,1.0
