{
  "iterations": 3500,
  "learning_rate": 0.02841881747862225,
  "depth": 7,
  "l2_leaf_reg": 7.190609389379256,
  "random_strength": 0.812037280884873,
  "bagging_temperature": 0.3119890406724053
}